{
"header": {
  "magic": 7376,
  "version": 1,
  "header_length": 88,
  "num_blocks": [3, 3, 3],
  "data_type": "uchar",
  "num_vox": [233, 252, 272],
  "vol_min": 2,
  "vol_max": 112,
  "vol_avg": 6.81592
},
"blocks": { 
   "block_0": {
      "index":0,
      "data_offset": 0,
      "voxel_dims": [77, 84, 90],
      "world_pos": [-0.333333, -0.333333, -0.333333],
      "min_val": 3,
      "max_val": 89,
      "avg_val": 5.29321,
      "total_val": 3.08128e+06,
      "empty": false
   },
   "block_1": {
      "index":1,
      "data_offset": 77,
      "voxel_dims": [77, 84, 90],
      "world_pos": [1.49012e-08, -0.333333, -0.333333],
      "min_val": 4,
      "max_val": 60,
      "avg_val": 5.68113,
      "total_val": 3.3071e+06,
      "empty": false
   },
   "block_2": {
      "index":2,
      "data_offset": 154,
      "voxel_dims": [77, 84, 90],
      "world_pos": [0.333333, -0.333333, -0.333333],
      "min_val": 3,
      "max_val": 50,
      "avg_val": 5.37783,
      "total_val": 3.13054e+06,
      "empty": false
   },
   "block_3": {
      "index":3,
      "data_offset": 19572,
      "voxel_dims": [77, 84, 90],
      "world_pos": [-0.333333, 1.49012e-08, -0.333333],
      "min_val": 4,
      "max_val": 77,
      "avg_val": 5.74716,
      "total_val": 3.34553e+06,
      "empty": false
   },
   "block_4": {
      "index":4,
      "data_offset": 19649,
      "voxel_dims": [77, 84, 90],
      "world_pos": [1.49012e-08, 1.49012e-08, -0.333333],
      "min_val": 2,
      "max_val": 112,
      "avg_val": 7.19796,
      "total_val": 4.19008e+06,
      "empty": false
   },
   "block_5": {
      "index":5,
      "data_offset": 19726,
      "voxel_dims": [77, 84, 90],
      "world_pos": [0.333333, 1.49012e-08, -0.333333],
      "min_val": 2,
      "max_val": 46,
      "avg_val": 5.78873,
      "total_val": 3.36974e+06,
      "empty": false
   },
   "block_6": {
      "index":6,
      "data_offset": 39144,
      "voxel_dims": [77, 84, 90],
      "world_pos": [-0.333333, 0.333333, -0.333333],
      "min_val": 3,
      "max_val": 47,
      "avg_val": 5.44343,
      "total_val": 3.16873e+06,
      "empty": false
   },
   "block_7": {
      "index":7,
      "data_offset": 39221,
      "voxel_dims": [77, 84, 90],
      "world_pos": [1.49012e-08, 0.333333, -0.333333],
      "min_val": 3,
      "max_val": 44,
      "avg_val": 5.60251,
      "total_val": 3.26133e+06,
      "empty": false
   },
   "block_8": {
      "index":8,
      "data_offset": 39298,
      "voxel_dims": [77, 84, 90],
      "world_pos": [0.333333, 0.333333, -0.333333],
      "min_val": 3,
      "max_val": 40,
      "avg_val": 5.58803,
      "total_val": 3.2529e+06,
      "empty": false
   },
   "block_9": {
      "index":9,
      "data_offset": 5284440,
      "voxel_dims": [77, 84, 90],
      "world_pos": [-0.333333, -0.333333, 1.49012e-08],
      "min_val": 2,
      "max_val": 64,
      "avg_val": 6.00146,
      "total_val": 3.49357e+06,
      "empty": false
   },
   "block_10": {
      "index":10,
      "data_offset": 5284517,
      "voxel_dims": [77, 84, 90],
      "world_pos": [1.49012e-08, -0.333333, 1.49012e-08],
      "min_val": 4,
      "max_val": 66,
      "avg_val": 6.3178,
      "total_val": 3.67772e+06,
      "empty": false
   },
   "block_11": {
      "index":11,
      "data_offset": 5284594,
      "voxel_dims": [77, 84, 90],
      "world_pos": [0.333333, -0.333333, 1.49012e-08],
      "min_val": 2,
      "max_val": 68,
      "avg_val": 5.99397,
      "total_val": 3.48921e+06,
      "empty": false
   },
   "block_12": {
      "index":12,
      "data_offset": 5304012,
      "voxel_dims": [77, 84, 90],
      "world_pos": [-0.333333, 1.49012e-08, 1.49012e-08],
      "min_val": 4,
      "max_val": 67,
      "avg_val": 5.63681,
      "total_val": 3.2813e+06,
      "empty": false
   },
   "block_13": {
      "index":13,
      "data_offset": 5304089,
      "voxel_dims": [77, 84, 90],
      "world_pos": [1.49012e-08, 1.49012e-08, 1.49012e-08],
      "min_val": 4,
      "max_val": 68,
      "avg_val": 6.76425,
      "total_val": 3.9376e+06,
      "empty": false
   },
   "block_14": {
      "index":14,
      "data_offset": 5304166,
      "voxel_dims": [77, 84, 90],
      "world_pos": [0.333333, 1.49012e-08, 1.49012e-08],
      "min_val": 4,
      "max_val": 62,
      "avg_val": 5.35379,
      "total_val": 3.11655e+06,
      "empty": false
   },
   "block_15": {
      "index":15,
      "data_offset": 5323584,
      "voxel_dims": [77, 84, 90],
      "world_pos": [-0.333333, 0.333333, 1.49012e-08],
      "min_val": 2,
      "max_val": 59,
      "avg_val": 5.84621,
      "total_val": 3.40319e+06,
      "empty": false
   },
   "block_16": {
      "index":16,
      "data_offset": 5323661,
      "voxel_dims": [77, 84, 90],
      "world_pos": [1.49012e-08, 0.333333, 1.49012e-08],
      "min_val": 4,
      "max_val": 70,
      "avg_val": 5.58086,
      "total_val": 3.24873e+06,
      "empty": false
   },
   "block_17": {
      "index":17,
      "data_offset": 5323738,
      "voxel_dims": [77, 84, 90],
      "world_pos": [0.333333, 0.333333, 1.49012e-08],
      "min_val": 3,
      "max_val": 53,
      "avg_val": 5.86298,
      "total_val": 3.41296e+06,
      "empty": false
   },
   "block_18": {
      "index":18,
      "data_offset": 10568880,
      "voxel_dims": [77, 84, 90],
      "world_pos": [-0.333333, -0.333333, 0.333333],
      "min_val": 3,
      "max_val": 61,
      "avg_val": 5.42689,
      "total_val": 3.1591e+06,
      "empty": false
   },
   "block_19": {
      "index":19,
      "data_offset": 10568957,
      "voxel_dims": [77, 84, 90],
      "world_pos": [1.49012e-08, -0.333333, 0.333333],
      "min_val": 4,
      "max_val": 61,
      "avg_val": 5.79841,
      "total_val": 3.37537e+06,
      "empty": false
   },
   "block_20": {
      "index":20,
      "data_offset": 10569034,
      "voxel_dims": [77, 84, 90],
      "world_pos": [0.333333, -0.333333, 0.333333],
      "min_val": 3,
      "max_val": 60,
      "avg_val": 5.35355,
      "total_val": 3.11641e+06,
      "empty": false
   },
   "block_21": {
      "index":21,
      "data_offset": 10588452,
      "voxel_dims": [77, 84, 90],
      "world_pos": [-0.333333, 1.49012e-08, 0.333333],
      "min_val": 4,
      "max_val": 56,
      "avg_val": 5.29362,
      "total_val": 3.08152e+06,
      "empty": false
   },
   "block_22": {
      "index":22,
      "data_offset": 10588529,
      "voxel_dims": [77, 84, 90],
      "world_pos": [1.49012e-08, 1.49012e-08, 0.333333],
      "min_val": 3,
      "max_val": 60,
      "avg_val": 5.29577,
      "total_val": 3.08277e+06,
      "empty": false
   },
   "block_23": {
      "index":23,
      "data_offset": 10588606,
      "voxel_dims": [77, 84, 90],
      "world_pos": [0.333333, 1.49012e-08, 0.333333],
      "min_val": 4,
      "max_val": 63,
      "avg_val": 4.54002,
      "total_val": 2.64284e+06,
      "empty": false
   },
   "block_24": {
      "index":24,
      "data_offset": 10608024,
      "voxel_dims": [77, 84, 90],
      "world_pos": [-0.333333, 0.333333, 0.333333],
      "min_val": 3,
      "max_val": 46,
      "avg_val": 4.01578,
      "total_val": 2.33766e+06,
      "empty": false
   },
   "block_25": {
      "index":25,
      "data_offset": 10608101,
      "voxel_dims": [77, 84, 90],
      "world_pos": [1.49012e-08, 0.333333, 0.333333],
      "min_val": 4,
      "max_val": 48,
      "avg_val": 4.30844,
      "total_val": 2.50803e+06,
      "empty": false
   },
   "block_26": {
      "index":26,
      "data_offset": 10608178,
      "voxel_dims": [77, 84, 90],
      "world_pos": [0.333333, 0.333333, 0.333333],
      "min_val": 4,
      "max_val": 59,
      "avg_val": 3.95416,
      "total_val": 2.3018e+06,
      "empty": false
   }
}}
