{
"header": {
  "magic": 7376,
  "version": 1,
  "header_length": 88,
  "num_blocks": [3, 3, 3],
  "data_type": "uchar",
  "num_vox": [3509, 3787, 4096],
  "vol_min": 1,
  "vol_max": 156,
  "vol_avg": 6.81902
},
"blocks": { 
   "block_0": {
      "index":0,
      "data_offset": 0,
      "voxel_dims": [1169, 1262, 1365],
      "world_pos": [-0.333333, -0.333333, -0.333333],
      "min_val": 2,
      "max_val": 92,
      "avg_val": 4.50504,
      "total_val": 9.07204e+09,
      "empty": true
   },
   "block_1": {
      "index":1,
      "data_offset": 1169,
      "voxel_dims": [1169, 1262, 1365],
      "world_pos": [1.49012e-08, -0.333333, -0.333333],
      "min_val": 2,
      "max_val": 73,
      "avg_val": 4.58945,
      "total_val": 9.24203e+09,
      "empty": true
   },
   "block_2": {
      "index":2,
      "data_offset": 2338,
      "voxel_dims": [1169, 1262, 1365],
      "world_pos": [0.333333, -0.333333, -0.333333],
      "min_val": 3,
      "max_val": 64,
      "avg_val": 4.41108,
      "total_val": 8.88284e+09,
      "empty": true
   },
   "block_3": {
      "index":3,
      "data_offset": 4428358,
      "voxel_dims": [1169, 1262, 1365],
      "world_pos": [-0.333333, 1.49012e-08, -0.333333],
      "min_val": 4,
      "max_val": 66,
      "avg_val": 4.89254,
      "total_val": 9.85237e+09,
      "empty": true
   },
   "block_4": {
      "index":4,
      "data_offset": 4429527,
      "voxel_dims": [1169, 1262, 1365],
      "world_pos": [1.49012e-08, 1.49012e-08, -0.333333],
      "min_val": 3,
      "max_val": 90,
      "avg_val": 5.1233,
      "total_val": 1.03171e+10,
      "empty": true
   },
   "block_5": {
      "index":5,
      "data_offset": 4430696,
      "voxel_dims": [1169, 1262, 1365],
      "world_pos": [0.333333, 1.49012e-08, -0.333333],
      "min_val": 4,
      "max_val": 68,
      "avg_val": 4.78046,
      "total_val": 9.62666e+09,
      "empty": true
   },
   "block_6": {
      "index":6,
      "data_offset": 8856716,
      "voxel_dims": [1169, 1262, 1365],
      "world_pos": [-0.333333, 0.333333, -0.333333],
      "min_val": 3,
      "max_val": 57,
      "avg_val": 4.84058,
      "total_val": 9.74774e+09,
      "empty": true
   },
   "block_7": {
      "index":7,
      "data_offset": 8857885,
      "voxel_dims": [1169, 1262, 1365],
      "world_pos": [1.49012e-08, 0.333333, -0.333333],
      "min_val": 2,
      "max_val": 66,
      "avg_val": 4.93677,
      "total_val": 9.94145e+09,
      "empty": true
   },
   "block_8": {
      "index":8,
      "data_offset": 8859054,
      "voxel_dims": [1169, 1262, 1365],
      "world_pos": [0.333333, 0.333333, -0.333333],
      "min_val": 3,
      "max_val": 54,
      "avg_val": 4.93916,
      "total_val": 9.94626e+09,
      "empty": true
   },
   "block_9": {
      "index":9,
      "data_offset": 18138915795,
      "voxel_dims": [1169, 1262, 1365],
      "world_pos": [-0.333333, -0.333333, 1.49012e-08],
      "min_val": 3,
      "max_val": 99,
      "avg_val": 6.03763,
      "total_val": 1.21583e+10,
      "empty": true
   },
   "block_10": {
      "index":10,
      "data_offset": 18138916964,
      "voxel_dims": [1169, 1262, 1365],
      "world_pos": [1.49012e-08, -0.333333, 1.49012e-08],
      "min_val": 3,
      "max_val": 71,
      "avg_val": 5.99734,
      "total_val": 1.20772e+10,
      "empty": true
   },
   "block_11": {
      "index":11,
      "data_offset": 18138918133,
      "voxel_dims": [1169, 1262, 1365],
      "world_pos": [0.333333, -0.333333, 1.49012e-08],
      "min_val": 4,
      "max_val": 65,
      "avg_val": 5.6893,
      "total_val": 1.14569e+10,
      "empty": true
   },
   "block_12": {
      "index":12,
      "data_offset": 18143344153,
      "voxel_dims": [1169, 1262, 1365],
      "world_pos": [-0.333333, 1.49012e-08, 1.49012e-08],
      "min_val": 1,
      "max_val": 156,
      "avg_val": 5.62723,
      "total_val": 1.13319e+10,
      "empty": true
   },
   "block_13": {
      "index":13,
      "data_offset": 18143345322,
      "voxel_dims": [1169, 1262, 1365],
      "world_pos": [1.49012e-08, 1.49012e-08, 1.49012e-08],
      "min_val": 2,
      "max_val": 79,
      "avg_val": 5.47308,
      "total_val": 1.10214e+10,
      "empty": true
   },
   "block_14": {
      "index":14,
      "data_offset": 18143346491,
      "voxel_dims": [1169, 1262, 1365],
      "world_pos": [0.333333, 1.49012e-08, 1.49012e-08],
      "min_val": 2,
      "max_val": 62,
      "avg_val": 4.34691,
      "total_val": 8.7536e+09,
      "empty": true
   },
   "block_15": {
      "index":15,
      "data_offset": 18147772511,
      "voxel_dims": [1169, 1262, 1365],
      "world_pos": [-0.333333, 0.333333, 1.49012e-08],
      "min_val": 3,
      "max_val": 50,
      "avg_val": 5.59307,
      "total_val": 1.12631e+10,
      "empty": true
   },
   "block_16": {
      "index":16,
      "data_offset": 18147773680,
      "voxel_dims": [1169, 1262, 1365],
      "world_pos": [1.49012e-08, 0.333333, 1.49012e-08],
      "min_val": 3,
      "max_val": 77,
      "avg_val": 5.78479,
      "total_val": 1.16491e+10,
      "empty": true
   },
   "block_17": {
      "index":17,
      "data_offset": 18147774849,
      "voxel_dims": [1169, 1262, 1365],
      "world_pos": [0.333333, 0.333333, 1.49012e-08],
      "min_val": 4,
      "max_val": 57,
      "avg_val": 5.49531,
      "total_val": 1.10662e+10,
      "empty": true
   },
   "block_18": {
      "index":18,
      "data_offset": 36277831590,
      "voxel_dims": [1169, 1262, 1365],
      "world_pos": [-0.333333, -0.333333, 0.333333],
      "min_val": 2,
      "max_val": 121,
      "avg_val": 5.05003,
      "total_val": 1.01695e+10,
      "empty": true
   },
   "block_19": {
      "index":19,
      "data_offset": 36277832759,
      "voxel_dims": [1169, 1262, 1365],
      "world_pos": [1.49012e-08, -0.333333, 0.333333],
      "min_val": 2,
      "max_val": 96,
      "avg_val": 5.16279,
      "total_val": 1.03966e+10,
      "empty": true
   },
   "block_20": {
      "index":20,
      "data_offset": 36277833928,
      "voxel_dims": [1169, 1262, 1365],
      "world_pos": [0.333333, -0.333333, 0.333333],
      "min_val": 3,
      "max_val": 63,
      "avg_val": 4.66822,
      "total_val": 9.40064e+09,
      "empty": true
   },
   "block_21": {
      "index":21,
      "data_offset": 36282259948,
      "voxel_dims": [1169, 1262, 1365],
      "world_pos": [-0.333333, 1.49012e-08, 0.333333],
      "min_val": 3,
      "max_val": 50,
      "avg_val": 4.78772,
      "total_val": 9.64129e+09,
      "empty": true
   },
   "block_22": {
      "index":22,
      "data_offset": 36282261117,
      "voxel_dims": [1169, 1262, 1365],
      "world_pos": [1.49012e-08, 1.49012e-08, 0.333333],
      "min_val": 3,
      "max_val": 71,
      "avg_val": 4.3886,
      "total_val": 8.83756e+09,
      "empty": true
   },
   "block_23": {
      "index":23,
      "data_offset": 36282262286,
      "voxel_dims": [1169, 1262, 1365],
      "world_pos": [0.333333, 1.49012e-08, 0.333333],
      "min_val": 4,
      "max_val": 77,
      "avg_val": 3.71957,
      "total_val": 7.49031e+09,
      "empty": true
   },
   "block_24": {
      "index":24,
      "data_offset": 36286688306,
      "voxel_dims": [1169, 1262, 1365],
      "world_pos": [-0.333333, 0.333333, 0.333333],
      "min_val": 3,
      "max_val": 42,
      "avg_val": 3.5196,
      "total_val": 7.08761e+09,
      "empty": true
   },
   "block_25": {
      "index":25,
      "data_offset": 36286689475,
      "voxel_dims": [1169, 1262, 1365],
      "world_pos": [1.49012e-08, 0.333333, 0.333333],
      "min_val": 2,
      "max_val": 60,
      "avg_val": 4.03378,
      "total_val": 8.12305e+09,
      "empty": true
   },
   "block_26": {
      "index":26,
      "data_offset": 36286690644,
      "voxel_dims": [1169, 1262, 1365],
      "world_pos": [0.333333, 0.333333, 0.333333],
      "min_val": 4,
      "max_val": 58,
      "avg_val": 3.96897,
      "total_val": 7.99252e+09,
      "empty": true
   }
}}
