{
"header": {
  "magic": 7376,
  "version": 1,
  "header_length": 88,
  "num_blocks": [3, 3, 3],
  "data_type": "uchar",
  "num_vox": [467, 504, 545],
  "vol_min": 1,
  "vol_max": 156,
  "vol_avg": 6.81902
},
"blocks": { 
   "block_0": {
      "index":0,
      "data_offset": 0,
      "voxel_dims": [155, 168, 181],
      "world_pos": [-0.333333, -0.333333, -0.333333],
      "min_val": 2,
      "max_val": 92,
      "avg_val": 4.56491,
      "total_val": 2.15155e+07,
      "empty": false
   },
   "block_1": {
      "index":1,
      "data_offset": 155,
      "voxel_dims": [155, 168, 181],
      "world_pos": [1.49012e-08, -0.333333, -0.333333],
      "min_val": 3,
      "max_val": 99,
      "avg_val": 4.9052,
      "total_val": 2.31194e+07,
      "empty": false
   },
   "block_2": {
      "index":2,
      "data_offset": 310,
      "voxel_dims": [155, 168, 181],
      "world_pos": [0.333333, -0.333333, -0.333333],
      "min_val": 2,
      "max_val": 121,
      "avg_val": 4.69814,
      "total_val": 2.21434e+07,
      "empty": false
   },
   "block_3": {
      "index":3,
      "data_offset": 78456,
      "voxel_dims": [155, 168, 181],
      "world_pos": [-0.333333, 1.49012e-08, -0.333333],
      "min_val": 4,
      "max_val": 66,
      "avg_val": 5.31003,
      "total_val": 2.50275e+07,
      "empty": false
   },
   "block_4": {
      "index":4,
      "data_offset": 78611,
      "voxel_dims": [155, 168, 181],
      "world_pos": [1.49012e-08, 1.49012e-08, -0.333333],
      "min_val": 1,
      "max_val": 156,
      "avg_val": 6.65401,
      "total_val": 3.13619e+07,
      "empty": false
   },
   "block_5": {
      "index":5,
      "data_offset": 78766,
      "voxel_dims": [155, 168, 181],
      "world_pos": [0.333333, 1.49012e-08, -0.333333],
      "min_val": 3,
      "max_val": 50,
      "avg_val": 5.36226,
      "total_val": 2.52736e+07,
      "empty": false
   },
   "block_6": {
      "index":6,
      "data_offset": 156912,
      "voxel_dims": [155, 168, 181],
      "world_pos": [-0.333333, 0.333333, -0.333333],
      "min_val": 3,
      "max_val": 57,
      "avg_val": 4.96379,
      "total_val": 2.33955e+07,
      "empty": false
   },
   "block_7": {
      "index":7,
      "data_offset": 157067,
      "voxel_dims": [155, 168, 181],
      "world_pos": [1.49012e-08, 0.333333, -0.333333],
      "min_val": 3,
      "max_val": 50,
      "avg_val": 5.05721,
      "total_val": 2.38359e+07,
      "empty": false
   },
   "block_8": {
      "index":8,
      "data_offset": 157222,
      "voxel_dims": [155, 168, 181],
      "world_pos": [0.333333, 0.333333, -0.333333],
      "min_val": 3,
      "max_val": 42,
      "avg_val": 5.11101,
      "total_val": 2.40894e+07,
      "empty": false
   },
   "block_9": {
      "index":9,
      "data_offset": 42601608,
      "voxel_dims": [155, 168, 181],
      "world_pos": [-0.333333, -0.333333, 1.49012e-08],
      "min_val": 2,
      "max_val": 73,
      "avg_val": 5.86053,
      "total_val": 2.76221e+07,
      "empty": false
   },
   "block_10": {
      "index":10,
      "data_offset": 42601763,
      "voxel_dims": [155, 168, 181],
      "world_pos": [1.49012e-08, -0.333333, 1.49012e-08],
      "min_val": 3,
      "max_val": 71,
      "avg_val": 6.17662,
      "total_val": 2.91119e+07,
      "empty": false
   },
   "block_11": {
      "index":11,
      "data_offset": 42601918,
      "voxel_dims": [155, 168, 181],
      "world_pos": [0.333333, -0.333333, 1.49012e-08],
      "min_val": 2,
      "max_val": 96,
      "avg_val": 5.82729,
      "total_val": 2.74654e+07,
      "empty": false
   },
   "block_12": {
      "index":12,
      "data_offset": 42680064,
      "voxel_dims": [155, 168, 181],
      "world_pos": [-0.333333, 1.49012e-08, 1.49012e-08],
      "min_val": 3,
      "max_val": 90,
      "avg_val": 4.37989,
      "total_val": 2.06435e+07,
      "empty": false
   },
   "block_13": {
      "index":13,
      "data_offset": 42680219,
      "voxel_dims": [155, 168, 181],
      "world_pos": [1.49012e-08, 1.49012e-08, 1.49012e-08],
      "min_val": 2,
      "max_val": 79,
      "avg_val": 4.94215,
      "total_val": 2.32935e+07,
      "empty": false
   },
   "block_14": {
      "index":14,
      "data_offset": 42680374,
      "voxel_dims": [155, 168, 181],
      "world_pos": [0.333333, 1.49012e-08, 1.49012e-08],
      "min_val": 3,
      "max_val": 71,
      "avg_val": 3.70411,
      "total_val": 1.74583e+07,
      "empty": false
   },
   "block_15": {
      "index":15,
      "data_offset": 42758520,
      "voxel_dims": [155, 168, 181],
      "world_pos": [-0.333333, 0.333333, 1.49012e-08],
      "min_val": 2,
      "max_val": 66,
      "avg_val": 5.65257,
      "total_val": 2.66419e+07,
      "empty": false
   },
   "block_16": {
      "index":16,
      "data_offset": 42758675,
      "voxel_dims": [155, 168, 181],
      "world_pos": [1.49012e-08, 0.333333, 1.49012e-08],
      "min_val": 3,
      "max_val": 77,
      "avg_val": 5.73351,
      "total_val": 2.70234e+07,
      "empty": false
   },
   "block_17": {
      "index":17,
      "data_offset": 42758830,
      "voxel_dims": [155, 168, 181],
      "world_pos": [0.333333, 0.333333, 1.49012e-08],
      "min_val": 2,
      "max_val": 60,
      "avg_val": 5.64631,
      "total_val": 2.66124e+07,
      "empty": false
   },
   "block_18": {
      "index":18,
      "data_offset": 85203216,
      "voxel_dims": [155, 168, 181],
      "world_pos": [-0.333333, -0.333333, 0.333333],
      "min_val": 3,
      "max_val": 64,
      "avg_val": 5.11688,
      "total_val": 2.41171e+07,
      "empty": false
   },
   "block_19": {
      "index":19,
      "data_offset": 85203371,
      "voxel_dims": [155, 168, 181],
      "world_pos": [1.49012e-08, -0.333333, 0.333333],
      "min_val": 4,
      "max_val": 65,
      "avg_val": 5.46027,
      "total_val": 2.57356e+07,
      "empty": false
   },
   "block_20": {
      "index":20,
      "data_offset": 85203526,
      "voxel_dims": [155, 168, 181],
      "world_pos": [0.333333, -0.333333, 0.333333],
      "min_val": 3,
      "max_val": 63,
      "avg_val": 4.9719,
      "total_val": 2.34337e+07,
      "empty": false
   },
   "block_21": {
      "index":21,
      "data_offset": 85281672,
      "voxel_dims": [155, 168, 181],
      "world_pos": [-0.333333, 1.49012e-08, 0.333333],
      "min_val": 4,
      "max_val": 68,
      "avg_val": 5.04975,
      "total_val": 2.38007e+07,
      "empty": false
   },
   "block_22": {
      "index":22,
      "data_offset": 85281827,
      "voxel_dims": [155, 168, 181],
      "world_pos": [1.49012e-08, 1.49012e-08, 0.333333],
      "min_val": 2,
      "max_val": 62,
      "avg_val": 4.87951,
      "total_val": 2.29983e+07,
      "empty": false
   },
   "block_23": {
      "index":23,
      "data_offset": 85281982,
      "voxel_dims": [155, 168, 181],
      "world_pos": [0.333333, 1.49012e-08, 0.333333],
      "min_val": 4,
      "max_val": 77,
      "avg_val": 4.06123,
      "total_val": 1.91416e+07,
      "empty": false
   },
   "block_24": {
      "index":24,
      "data_offset": 85360128,
      "voxel_dims": [155, 168, 181],
      "world_pos": [-0.333333, 0.333333, 0.333333],
      "min_val": 3,
      "max_val": 54,
      "avg_val": 3.58264,
      "total_val": 1.68858e+07,
      "empty": false
   },
   "block_25": {
      "index":25,
      "data_offset": 85360283,
      "voxel_dims": [155, 168, 181],
      "world_pos": [1.49012e-08, 0.333333, 0.333333],
      "min_val": 4,
      "max_val": 57,
      "avg_val": 3.95122,
      "total_val": 1.86231e+07,
      "empty": false
   },
   "block_26": {
      "index":26,
      "data_offset": 85360438,
      "voxel_dims": [155, 168, 181],
      "world_pos": [0.333333, 0.333333, 0.333333],
      "min_val": 4,
      "max_val": 58,
      "avg_val": 3.65013,
      "total_val": 1.72039e+07,
      "empty": false
   }
}}
